<?xml version="1.0"encoding="ISO-8859-1?">
<bookstore>
<book catagory ="COOKING">
<title> lang="en">Everyday italian </title>
<author>Gaida De Lautrentiis</author>
<year>2005</year>
<price>30.00</price>
</book>
<book catagory ="CHILDERN">
<title> lang="en">HARRY POTER </title>
<author>J K ROWLING</author>
<year>2005</year>
<price>20.99</price>
<book catagory ="WEB">
<title> lang="en">LEARNING XML</title>
<author>ERIK</author>
<year>2009</year>
<price>54.00</price>
</book>
</bookstore>